
-- مكاتب وهمية
INSERT INTO public.offices (id, name, specialty, owner_name, owner_phone, address, can_add_orders) VALUES
  ('a1000000-0000-0000-0000-000000000001', 'مكتب بغداد المركزي', 'توصيل سريع', 'أحمد محمد', '07701234567', 'بغداد - الكرادة', true),
  ('a1000000-0000-0000-0000-000000000002', 'مكتب البصرة', 'شحن وتوصيل', 'علي حسن', '07709876543', 'البصرة - العشار', true),
  ('a1000000-0000-0000-0000-000000000003', 'مكتب أربيل', 'توصيل عام', 'كريم سعيد', '07705551234', 'أربيل - عينكاوة', true),
  ('a1000000-0000-0000-0000-000000000004', 'مكتب النجف', 'توصيل محلي', 'حسين عباس', '07703334444', 'النجف - حي السعد', false);

-- شركات وهمية
INSERT INTO public.companies (id, name, agreement_price) VALUES
  ('b1000000-0000-0000-0000-000000000001', 'شركة الأمل للتجارة', 3500),
  ('b1000000-0000-0000-0000-000000000002', 'شركة النور للإلكترونيات', 4000),
  ('b1000000-0000-0000-0000-000000000003', 'متجر السعادة أونلاين', 3000),
  ('b1000000-0000-0000-0000-000000000004', 'شركة الزهراء للملابس', 2500);

-- منتجات وهمية
INSERT INTO public.products (id, name, quantity) VALUES
  ('c1000000-0000-0000-0000-000000000001', 'هاتف سامسونج A54', 50),
  ('c1000000-0000-0000-0000-000000000002', 'سماعات بلوتوث', 120),
  ('c1000000-0000-0000-0000-000000000003', 'حافظة هاتف', 200),
  ('c1000000-0000-0000-0000-000000000004', 'شاحن سريع', 80),
  ('c1000000-0000-0000-0000-000000000005', 'ساعة ذكية', 35),
  ('c1000000-0000-0000-0000-000000000006', 'تيشيرت قطن', 150),
  ('c1000000-0000-0000-0000-000000000007', 'بنطلون جينز', 90),
  ('c1000000-0000-0000-0000-000000000008', 'حذاء رياضي', 60);

-- أوردرات وهمية (مع حالات مختلفة)
INSERT INTO public.orders (customer_name, customer_phone, product_name, product_id, quantity, price, delivery_price, address, notes, status_id, office_id, company_id, priority) VALUES
  ('محمد أحمد', '07701111111', 'هاتف سامسونج A54', 'c1000000-0000-0000-0000-000000000001', 1, 450000, 5000, 'بغداد - المنصور', 'يرجى التوصيل صباحاً', '64dad770-eceb-4e5d-98db-276801fa4fdd', 'a1000000-0000-0000-0000-000000000001', 'b1000000-0000-0000-0000-000000000002', 'normal'),
  ('فاطمة علي', '07702222222', 'سماعات بلوتوث', 'c1000000-0000-0000-0000-000000000002', 2, 35000, 5000, 'بغداد - الأعظمية', '', 'd81168f1-a269-481c-a6ed-6bba0575c342', 'a1000000-0000-0000-0000-000000000001', 'b1000000-0000-0000-0000-000000000001', 'high'),
  ('حسن كريم', '07703333333', 'حافظة هاتف', 'c1000000-0000-0000-0000-000000000003', 3, 15000, 5000, 'البصرة - الجبيلة', 'لون أسود', 'b7bc3159-7226-4fbc-9012-f2bc17328be2', 'a1000000-0000-0000-0000-000000000002', NULL, 'normal'),
  ('زينب محمود', '07704444444', 'شاحن سريع', 'c1000000-0000-0000-0000-000000000004', 1, 25000, 7000, 'أربيل - شارع 60 متري', '', '985ddc23-9c47-4092-b29a-7b7b1a87f256', 'a1000000-0000-0000-0000-000000000003', 'b1000000-0000-0000-0000-000000000003', 'normal'),
  ('عمر سالم', '07705555555', 'ساعة ذكية', 'c1000000-0000-0000-0000-000000000005', 1, 120000, 5000, 'بغداد - زيونة', 'هدية - تغليف خاص', '64dad770-eceb-4e5d-98db-276801fa4fdd', 'a1000000-0000-0000-0000-000000000001', 'b1000000-0000-0000-0000-000000000002', 'high'),
  ('نور الهدى', '07706666666', 'تيشيرت قطن', 'c1000000-0000-0000-0000-000000000006', 2, 20000, 5000, 'النجف - حي الجامعة', '', '035164a6-0445-421f-aa06-fffdc05f61f1', 'a1000000-0000-0000-0000-000000000004', 'b1000000-0000-0000-0000-000000000004', 'normal'),
  ('كرار جاسم', '07707777777', 'بنطلون جينز', 'c1000000-0000-0000-0000-000000000007', 1, 45000, 7000, 'البصرة - المعقل', 'مقاس L', '96f07077-41ca-4806-83f7-50b4bd6c4f03', 'a1000000-0000-0000-0000-000000000002', 'b1000000-0000-0000-0000-000000000004', 'normal'),
  ('سارة حيدر', '07708888888', 'حذاء رياضي', 'c1000000-0000-0000-0000-000000000008', 1, 65000, 5000, 'بغداد - الجادرية', 'مقاس 40', 'd81168f1-a269-481c-a6ed-6bba0575c342', 'a1000000-0000-0000-0000-000000000001', 'b1000000-0000-0000-0000-000000000001', 'normal'),
  ('ياسر عبدالله', '07709999999', 'هاتف سامسونج A54', 'c1000000-0000-0000-0000-000000000001', 1, 450000, 5000, 'أربيل - عنكاوة', '', 'aa185e49-d28f-4f4e-8e3e-787cf3c891ab', 'a1000000-0000-0000-0000-000000000003', 'b1000000-0000-0000-0000-000000000002', 'normal'),
  ('رقية حسين', '07700000000', 'سماعات بلوتوث', 'c1000000-0000-0000-0000-000000000002', 1, 35000, 5000, 'بغداد - الشعب', '', '0d89fce0-8bc7-45c0-abca-113c328a80c1', 'a1000000-0000-0000-0000-000000000001', NULL, 'low'),
  ('مصطفى كاظم', '07701112233', 'شاحن سريع', 'c1000000-0000-0000-0000-000000000004', 2, 25000, 5000, 'النجف - الكوفة', 'عاجل', '64dad770-eceb-4e5d-98db-276801fa4fdd', 'a1000000-0000-0000-0000-000000000004', 'b1000000-0000-0000-0000-000000000003', 'high'),
  ('دعاء سامي', '07702223344', 'حافظة هاتف', 'c1000000-0000-0000-0000-000000000003', 5, 15000, 7000, 'البصرة - أبو الخصيب', '', '00c42b52-c8bf-4b4a-a866-9d8f34a5eac1', 'a1000000-0000-0000-0000-000000000002', 'b1000000-0000-0000-0000-000000000001', 'normal'),
  ('أمير طالب', '07703334455', 'ساعة ذكية', 'c1000000-0000-0000-0000-000000000005', 1, 120000, 5000, 'بغداد - حي الحسين', '', '740ed521-22de-4770-80f7-d7f8c354d05a', 'a1000000-0000-0000-0000-000000000001', 'b1000000-0000-0000-0000-000000000002', 'normal'),
  ('هبة ناصر', '07704445566', 'تيشيرت قطن', 'c1000000-0000-0000-0000-000000000006', 3, 20000, 5000, 'أربيل - شارع الستين', '', '841b46c6-8d44-4d0a-9b48-792e4239d0e0', 'a1000000-0000-0000-0000-000000000003', 'b1000000-0000-0000-0000-000000000004', 'normal'),
  ('قاسم وليد', '07705556677', 'حذاء رياضي', 'c1000000-0000-0000-0000-000000000008', 1, 65000, 5000, 'بغداد - البياع', 'مقاس 42', '64dad770-eceb-4e5d-98db-276801fa4fdd', 'a1000000-0000-0000-0000-000000000001', 'b1000000-0000-0000-0000-000000000001', 'normal');

-- أسعار توصيل وهمية
INSERT INTO public.delivery_prices (office_id, governorate, price, pickup_price) VALUES
  ('a1000000-0000-0000-0000-000000000001', 'بغداد', 5000, 2000),
  ('a1000000-0000-0000-0000-000000000001', 'البصرة', 10000, 3000),
  ('a1000000-0000-0000-0000-000000000001', 'أربيل', 8000, 2500),
  ('a1000000-0000-0000-0000-000000000002', 'بغداد', 7000, 2500),
  ('a1000000-0000-0000-0000-000000000002', 'البصرة', 5000, 2000),
  ('a1000000-0000-0000-0000-000000000003', 'أربيل', 5000, 2000),
  ('a1000000-0000-0000-0000-000000000003', 'بغداد', 9000, 3000);

-- مصروفات وهمية
INSERT INTO public.expenses (expense_name, amount, expense_date, category, notes, office_id, created_by) VALUES
  ('إيجار مكتب بغداد', 500000, CURRENT_DATE - INTERVAL '2 days', 'إيجار', '', 'a1000000-0000-0000-0000-000000000001', '7823cd24-7ca0-490a-a1a8-0e35410e5a31'),
  ('وقود سيارات', 150000, CURRENT_DATE - INTERVAL '1 day', 'نقل', 'وقود أسبوعي', NULL, '7823cd24-7ca0-490a-a1a8-0e35410e5a31'),
  ('صيانة دراجة', 75000, CURRENT_DATE, 'صيانة', '', NULL, '7823cd24-7ca0-490a-a1a8-0e35410e5a31'),
  ('شراء أكياس تغليف', 30000, CURRENT_DATE, 'مواد', '500 كيس', NULL, '7823cd24-7ca0-490a-a1a8-0e35410e5a31');

-- حركات مالية (كاش فلو) وهمية
INSERT INTO public.cash_flow_entries (type, amount, entry_date, reason, notes, created_by) VALUES
  ('inside', 1000000, CURRENT_DATE - INTERVAL '3 days', 'رأس مال تشغيلي', '', '7823cd24-7ca0-490a-a1a8-0e35410e5a31'),
  ('outside', 200000, CURRENT_DATE - INTERVAL '2 days', 'سحب شخصي', '', '7823cd24-7ca0-490a-a1a8-0e35410e5a31'),
  ('inside', 500000, CURRENT_DATE - INTERVAL '1 day', 'إيراد تحصيلات', 'تحصيلات يوم أمس', '7823cd24-7ca0-490a-a1a8-0e35410e5a31'),
  ('outside', 100000, CURRENT_DATE, 'دفع إيجار', '', '7823cd24-7ca0-490a-a1a8-0e35410e5a31');

-- دفعات مكاتب وهمية
INSERT INTO public.office_payments (office_id, amount, type, notes, paid_by) VALUES
  ('a1000000-0000-0000-0000-000000000001', 300000, 'advance', 'سلفة أسبوعية', '7823cd24-7ca0-490a-a1a8-0e35410e5a31'),
  ('a1000000-0000-0000-0000-000000000002', 150000, 'advance', '', '7823cd24-7ca0-490a-a1a8-0e35410e5a31'),
  ('a1000000-0000-0000-0000-000000000003', 200000, 'advance', 'دفعة شهرية', '7823cd24-7ca0-490a-a1a8-0e35410e5a31');

-- دفعات شركات وهمية
INSERT INTO public.company_payments (company_id, amount, notes, paid_by) VALUES
  ('b1000000-0000-0000-0000-000000000001', 500000, 'دفعة أولى', '7823cd24-7ca0-490a-a1a8-0e35410e5a31'),
  ('b1000000-0000-0000-0000-000000000002', 800000, 'تسوية شهر 2', '7823cd24-7ca0-490a-a1a8-0e35410e5a31'),
  ('b1000000-0000-0000-0000-000000000003', 200000, '', '7823cd24-7ca0-490a-a1a8-0e35410e5a31');

-- إعدادات التطبيق
INSERT INTO public.app_settings (key, value) VALUES
  ('company_name', 'شركة مودكس للتوصيل'),
  ('company_phone', '07701234567'),
  ('accounting_password', '1234')
ON CONFLICT (key) DO UPDATE SET value = EXCLUDED.value;
