
-- حذف البيانات القديمة
DELETE FROM public.company_payments;
DELETE FROM public.office_payments;
DELETE FROM public.cash_flow_entries;
DELETE FROM public.expenses;
DELETE FROM public.diary_orders;
DELETE FROM public.diaries;
DELETE FROM public.orders;
DELETE FROM public.delivery_prices;
DELETE FROM public.products;
DELETE FROM public.companies;
DELETE FROM public.offices;

-- مكاتب مصرية
INSERT INTO public.offices (id, name, specialty, owner_name, owner_phone, address, can_add_orders) VALUES
  ('a1000000-0000-0000-0000-000000000001', 'مكتب القاهرة المركزي', 'توصيل سريع', 'أحمد عبدالله', '01012345678', 'القاهرة - مدينة نصر', true),
  ('a1000000-0000-0000-0000-000000000002', 'مكتب الإسكندرية', 'شحن وتوصيل', 'محمود حسن', '01098765432', 'الإسكندرية - سموحة', true),
  ('a1000000-0000-0000-0000-000000000003', 'مكتب المنصورة', 'توصيل محافظات', 'خالد إبراهيم', '01155512345', 'المنصورة - شارع الجمهورية', true),
  ('a1000000-0000-0000-0000-000000000004', 'مكتب طنطا', 'توصيل محلي', 'عمرو سعيد', '01233344455', 'طنطا - شارع الجيش', false);

-- شركات مصرية
INSERT INTO public.companies (id, name, agreement_price) VALUES
  ('b1000000-0000-0000-0000-000000000001', 'شركة النيل للتجارة', 35),
  ('b1000000-0000-0000-0000-000000000002', 'شركة بيراميدز للإلكترونيات', 40),
  ('b1000000-0000-0000-0000-000000000003', 'متجر كايرو أونلاين', 30),
  ('b1000000-0000-0000-0000-000000000004', 'شركة الدلتا للملابس', 25);

-- منتجات
INSERT INTO public.products (id, name, quantity) VALUES
  ('c1000000-0000-0000-0000-000000000001', 'موبايل سامسونج A54', 50),
  ('c1000000-0000-0000-0000-000000000002', 'سماعات بلوتوث', 120),
  ('c1000000-0000-0000-0000-000000000003', 'جراب موبايل', 200),
  ('c1000000-0000-0000-0000-000000000004', 'شاحن سريع', 80),
  ('c1000000-0000-0000-0000-000000000005', 'ساعة ذكية', 35),
  ('c1000000-0000-0000-0000-000000000006', 'تيشيرت قطن مصري', 150),
  ('c1000000-0000-0000-0000-000000000007', 'بنطلون جينز', 90),
  ('c1000000-0000-0000-0000-000000000008', 'جزمة رياضي', 60);

-- أوردرات مصرية
INSERT INTO public.orders (customer_name, customer_phone, product_name, product_id, quantity, price, delivery_price, address, notes, status_id, office_id, company_id, priority) VALUES
  ('محمد عبدالرحمن', '01001112233', 'موبايل سامسونج A54', 'c1000000-0000-0000-0000-000000000001', 1, 8500, 50, 'القاهرة - المعادي', 'يرجى التوصيل الصبح', '64dad770-eceb-4e5d-98db-276801fa4fdd', 'a1000000-0000-0000-0000-000000000001', 'b1000000-0000-0000-0000-000000000002', 'normal'),
  ('فاطمة السيد', '01112223344', 'سماعات بلوتوث', 'c1000000-0000-0000-0000-000000000002', 2, 350, 50, 'القاهرة - الهرم', '', 'd81168f1-a269-481c-a6ed-6bba0575c342', 'a1000000-0000-0000-0000-000000000001', 'b1000000-0000-0000-0000-000000000001', 'high'),
  ('أحمد مصطفى', '01223334455', 'جراب موبايل', 'c1000000-0000-0000-0000-000000000003', 3, 150, 50, 'الإسكندرية - العجمي', 'لون أسود', 'b7bc3159-7226-4fbc-9012-f2bc17328be2', 'a1000000-0000-0000-0000-000000000002', NULL, 'normal'),
  ('نورهان محمود', '01034445566', 'شاحن سريع', 'c1000000-0000-0000-0000-000000000004', 1, 250, 70, 'المنصورة - حي الجامعة', '', '985ddc23-9c47-4092-b29a-7b7b1a87f256', 'a1000000-0000-0000-0000-000000000003', 'b1000000-0000-0000-0000-000000000003', 'normal'),
  ('عمر طارق', '01545556677', 'ساعة ذكية', 'c1000000-0000-0000-0000-000000000005', 1, 1200, 50, 'القاهرة - التجمع الخامس', 'هدية - تغليف خاص', '64dad770-eceb-4e5d-98db-276801fa4fdd', 'a1000000-0000-0000-0000-000000000001', 'b1000000-0000-0000-0000-000000000002', 'high'),
  ('مريم أشرف', '01066667788', 'تيشيرت قطن مصري', 'c1000000-0000-0000-0000-000000000006', 2, 200, 50, 'طنطا - شارع سعيد', '', '035164a6-0445-421f-aa06-fffdc05f61f1', 'a1000000-0000-0000-0000-000000000004', 'b1000000-0000-0000-0000-000000000004', 'normal'),
  ('كريم وائل', '01277778899', 'بنطلون جينز', 'c1000000-0000-0000-0000-000000000007', 1, 450, 70, 'الإسكندرية - المنتزه', 'مقاس L', '96f07077-41ca-4806-83f7-50b4bd6c4f03', 'a1000000-0000-0000-0000-000000000002', 'b1000000-0000-0000-0000-000000000004', 'normal'),
  ('سارة حسام', '01188889900', 'جزمة رياضي', 'c1000000-0000-0000-0000-000000000008', 1, 650, 50, 'القاهرة - مصر الجديدة', 'مقاس 40', 'd81168f1-a269-481c-a6ed-6bba0575c342', 'a1000000-0000-0000-0000-000000000001', 'b1000000-0000-0000-0000-000000000001', 'normal'),
  ('ياسر عادل', '01099990011', 'موبايل سامسونج A54', 'c1000000-0000-0000-0000-000000000001', 1, 8500, 50, 'المنصورة - ميت غمر', '', 'aa185e49-d28f-4f4e-8e3e-787cf3c891ab', 'a1000000-0000-0000-0000-000000000003', 'b1000000-0000-0000-0000-000000000002', 'normal'),
  ('رقية حسين', '01500001122', 'سماعات بلوتوث', 'c1000000-0000-0000-0000-000000000002', 1, 350, 50, 'القاهرة - شبرا', '', '0d89fce0-8bc7-45c0-abca-113c328a80c1', 'a1000000-0000-0000-0000-000000000001', NULL, 'low'),
  ('مصطفى جمال', '01011112233', 'شاحن سريع', 'c1000000-0000-0000-0000-000000000004', 2, 250, 50, 'طنطا - المحلة الكبرى', 'عاجل', '64dad770-eceb-4e5d-98db-276801fa4fdd', 'a1000000-0000-0000-0000-000000000004', 'b1000000-0000-0000-0000-000000000003', 'high'),
  ('دعاء سامي', '01222223344', 'جراب موبايل', 'c1000000-0000-0000-0000-000000000003', 5, 150, 70, 'الإسكندرية - أبو قير', '', '00c42b52-c8bf-4b4a-a866-9d8f34a5eac1', 'a1000000-0000-0000-0000-000000000002', 'b1000000-0000-0000-0000-000000000001', 'normal'),
  ('أمير هشام', '01533334455', 'ساعة ذكية', 'c1000000-0000-0000-0000-000000000005', 1, 1200, 50, 'القاهرة - عين شمس', '', '740ed521-22de-4770-80f7-d7f8c354d05a', 'a1000000-0000-0000-0000-000000000001', 'b1000000-0000-0000-0000-000000000002', 'normal'),
  ('هبة ناصر', '01044445566', 'تيشيرت قطن مصري', 'c1000000-0000-0000-0000-000000000006', 3, 200, 50, 'المنصورة - دكرنس', '', '841b46c6-8d44-4d0a-9b48-792e4239d0e0', 'a1000000-0000-0000-0000-000000000003', 'b1000000-0000-0000-0000-000000000004', 'normal'),
  ('قاسم وليد', '01255556677', 'جزمة رياضي', 'c1000000-0000-0000-0000-000000000008', 1, 650, 50, 'القاهرة - حلوان', 'مقاس 42', '64dad770-eceb-4e5d-98db-276801fa4fdd', 'a1000000-0000-0000-0000-000000000001', 'b1000000-0000-0000-0000-000000000001', 'normal');

-- أسعار توصيل مصرية
INSERT INTO public.delivery_prices (office_id, governorate, price, pickup_price) VALUES
  ('a1000000-0000-0000-0000-000000000001', 'القاهرة', 50, 20),
  ('a1000000-0000-0000-0000-000000000001', 'الجيزة', 60, 25),
  ('a1000000-0000-0000-0000-000000000001', 'الإسكندرية', 100, 30),
  ('a1000000-0000-0000-0000-000000000002', 'القاهرة', 80, 30),
  ('a1000000-0000-0000-0000-000000000002', 'الإسكندرية', 50, 20),
  ('a1000000-0000-0000-0000-000000000003', 'الدقهلية', 50, 20),
  ('a1000000-0000-0000-0000-000000000003', 'القاهرة', 90, 30);

-- مصروفات مصرية
INSERT INTO public.expenses (expense_name, amount, expense_date, category, notes, office_id, created_by) VALUES
  ('إيجار مكتب القاهرة', 5000, CURRENT_DATE - INTERVAL '2 days', 'إيجار', '', 'a1000000-0000-0000-0000-000000000001', '7823cd24-7ca0-490a-a1a8-0e35410e5a31'),
  ('بنزين موتوسيكلات', 1500, CURRENT_DATE - INTERVAL '1 day', 'نقل', 'بنزين أسبوعي', NULL, '7823cd24-7ca0-490a-a1a8-0e35410e5a31'),
  ('صيانة موتوسيكل', 750, CURRENT_DATE, 'صيانة', '', NULL, '7823cd24-7ca0-490a-a1a8-0e35410e5a31'),
  ('شراء أكياس تغليف', 300, CURRENT_DATE, 'مواد', '500 كيس', NULL, '7823cd24-7ca0-490a-a1a8-0e35410e5a31');

-- كاش فلو مصري
INSERT INTO public.cash_flow_entries (type, amount, entry_date, reason, notes, created_by) VALUES
  ('inside', 10000, CURRENT_DATE - INTERVAL '3 days', 'رأس مال تشغيلي', '', '7823cd24-7ca0-490a-a1a8-0e35410e5a31'),
  ('outside', 2000, CURRENT_DATE - INTERVAL '2 days', 'سحب شخصي', '', '7823cd24-7ca0-490a-a1a8-0e35410e5a31'),
  ('inside', 5000, CURRENT_DATE - INTERVAL '1 day', 'إيراد تحصيلات', 'تحصيلات إمبارح', '7823cd24-7ca0-490a-a1a8-0e35410e5a31'),
  ('outside', 1000, CURRENT_DATE, 'دفع إيجار', '', '7823cd24-7ca0-490a-a1a8-0e35410e5a31');

-- دفعات مكاتب
INSERT INTO public.office_payments (office_id, amount, type, notes, paid_by) VALUES
  ('a1000000-0000-0000-0000-000000000001', 3000, 'advance', 'سلفة أسبوعية', '7823cd24-7ca0-490a-a1a8-0e35410e5a31'),
  ('a1000000-0000-0000-0000-000000000002', 1500, 'advance', '', '7823cd24-7ca0-490a-a1a8-0e35410e5a31'),
  ('a1000000-0000-0000-0000-000000000003', 2000, 'advance', 'دفعة شهرية', '7823cd24-7ca0-490a-a1a8-0e35410e5a31');

-- دفعات شركات
INSERT INTO public.company_payments (company_id, amount, notes, paid_by) VALUES
  ('b1000000-0000-0000-0000-000000000001', 5000, 'دفعة أولى', '7823cd24-7ca0-490a-a1a8-0e35410e5a31'),
  ('b1000000-0000-0000-0000-000000000002', 8000, 'تسوية شهر 2', '7823cd24-7ca0-490a-a1a8-0e35410e5a31'),
  ('b1000000-0000-0000-0000-000000000003', 2000, '', '7823cd24-7ca0-490a-a1a8-0e35410e5a31');
